Timestamp,AI_Password,AI_Entropy,AI_Brute_Force_Time,Traditional_Passwords
2025-02-24 12:19:47,3Ub1*3$t7@9f,41.513179423647564,3138.428376721,"Pk=WdY#'_evj (Entropy: 43.01955000865387, Time: 8916.100448256s); SU*Wr*IEI](' (Entropy: 39.86313713864835, Time: 1000.0s); xyJ)/\#e=BZ! (Entropy: 43.01955000865387, Time: 8916.100448256s); i#(qPG).^_E_ (Entropy: 41.513179423647564, Time: 3138.428376721s); =WF<,!Hr[BO@ (Entropy: 43.01955000865387, Time: 8916.100448256s); S}Qnkt{WAroF (Entropy: 43.01955000865387, Time: 8916.100448256s); ,D:&m<'W^tl_ (Entropy: 43.01955000865387, Time: 8916.100448256s); +&ft)%GSGl[a (Entropy: 41.513179423647564, Time: 3138.428376721s); `ds@u=H0+ME~ (Entropy: 43.01955000865387, Time: 8916.100448256s); Y+#3.yV>R`98 (Entropy: 43.01955000865387, Time: 8916.100448256s)"
2025-02-24 12:21:39,tP8]D3@zUvX6,43.01955000865387,8916.100448256,"k[VG9G|c!_e| (Entropy: 39.86313713864835, Time: 1000.0s); ]woqBKJ#P8xn (Entropy: 43.01955000865387, Time: 8916.100448256s); 0ce,_;4~9#EK (Entropy: 43.01955000865387, Time: 8916.100448256s); Z%3xrhdV[9IU (Entropy: 43.01955000865387, Time: 8916.100448256s); >'qBY\z-ewgH (Entropy: 43.01955000865387, Time: 8916.100448256s); FG5^^UtTL:^{ (Entropy: 39.86313713864835, Time: 1000.0s); bi=IOs5D*oP* (Entropy: 41.513179423647564, Time: 3138.428376721s); 2xX<k\ChICOc (Entropy: 41.513179423647564, Time: 3138.428376721s); N#Tn\#Z,z<8d (Entropy: 41.513179423647564, Time: 3138.428376721s); HPuVg-;3Hkj6 (Entropy: 41.513179423647564, Time: 3138.428376721s)"
2025-02-24 12:23:20,3Xy@1Zv%tKb$,43.01955000865387,8916.100448256,"QE;Wqt<o[^Bv (Entropy: 43.01955000865387, Time: 8916.100448256s); E6X<1`YFZg>_ (Entropy: 43.01955000865387, Time: 8916.100448256s); NWs5=irWvp0@ (Entropy: 41.513179423647564, Time: 3138.428376721s); /vI7hz@3R!mS (Entropy: 43.01955000865387, Time: 8916.100448256s); 'y=(b,P:''DW (Entropy: 39.86313713864835, Time: 1000.0s); I;:ys9ZP4l]0 (Entropy: 43.01955000865387, Time: 8916.100448256s); B'[""><e{I6ch (Entropy: 43.01955000865387, Time: 8916.100448256s); e%_{q\rj__0E (Entropy: 39.86313713864835, Time: 1000.0s); mQir""(sH=Ckm (Entropy: 41.513179423647564, Time: 3138.428376721s); s#.FnlT?9>U: (Entropy: 43.01955000865387, Time: 8916.100448256s)"
2025-02-24 12:24:47,b6xP#9mqwA1!,43.01955000865387,8916.100448256,"iT~7I?RxcopS (Entropy: 43.01955000865387, Time: 8916.100448256s); ENxr3xKEX9z1 (Entropy: 39.86313713864835, Time: 1000.0s); 6Q2HxpM~N;d# (Entropy: 43.01955000865387, Time: 8916.100448256s); `F8rbT#""D!!# (Entropy: 39.86313713864835, Time: 1000.0s); ni&K3?OAKf0j (Entropy: 41.513179423647564, Time: 3138.428376721s); >I:n~[%&+'T$ (Entropy: 43.01955000865387, Time: 8916.100448256s); d#LV>#2dZiS[ (Entropy: 39.86313713864835, Time: 1000.0s); 'HxM_f]dJEWE (Entropy: 41.513179423647564, Time: 3138.428376721s); !-(7S)x&@{JL (Entropy: 43.01955000865387, Time: 8916.100448256s); <8HO55rD|2#[ (Entropy: 41.513179423647564, Time: 3138.428376721s)"
2025-02-24 12:26:20,tP$7uMw%jM3q,41.513179423647564,3138.428376721,"""ex*X.3'^&\4 (Entropy: 43.01955000865387, Time: 8916.100448256s); +VOyUa*$qhZE (Entropy: 43.01955000865387, Time: 8916.100448256s); #Jq/@z%.rpb9 (Entropy: 43.01955000865387, Time: 8916.100448256s); b+V(hC|O#sj_ (Entropy: 43.01955000865387, Time: 8916.100448256s); a6]v-m<{uuh/ (Entropy: 41.513179423647564, Time: 3138.428376721s); ?Eb&FKQi)j\c (Entropy: 43.01955000865387, Time: 8916.100448256s); )F""d>C6_+6""n (Entropy: 39.86313713864835, Time: 1000.0s); oWXV7eRs;YG; (Entropy: 41.513179423647564, Time: 3138.428376721s); w1aQCi7Z7W4F (Entropy: 41.513179423647564, Time: 3138.428376721s); N<7}#^*<Yg'q (Entropy: 41.513179423647564, Time: 3138.428376721s)"
2025-02-24 12:33:10,j8Zd%qN@zXc3,43.01955000865387,8916.100448256,"Q/|KLADeNvts (Entropy: 43.01955000865387, Time: 8916.100448256s); rvx{pbr"":'6V (Entropy: 41.513179423647564, Time: 3138.428376721s); 17j1tz+k>&fQ (Entropy: 41.513179423647564, Time: 3138.428376721s); g)/],1(y.kWS (Entropy: 43.01955000865387, Time: 8916.100448256s); ?3^yj]aA8WK\ (Entropy: 43.01955000865387, Time: 8916.100448256s); iy'oyi>LqC$, (Entropy: 39.86313713864835, Time: 1000.0s); tHI*/>&1|=gr (Entropy: 43.01955000865387, Time: 8916.100448256s); EagA4]|9JDk, (Entropy: 43.01955000865387, Time: 8916.100448256s); w3^pTGZKv2k: (Entropy: 43.01955000865387, Time: 8916.100448256s); ;:.w!LI:iMX2 (Entropy: 41.513179423647564, Time: 3138.428376721s)"
2025-02-24 12:41:05,j4$tF>A9uMv7,43.01955000865387,8916.100448256,"(c=':7A_ekka (Entropy: 41.513179423647564, Time: 3138.428376721s); OM""A%q8j/Xfh (Entropy: 43.01955000865387, Time: 8916.100448256s); C+d:?TQz:cHO (Entropy: 41.513179423647564, Time: 3138.428376721s); HA;AhGS{hN_( (Entropy: 39.86313713864835, Time: 1000.0s); ^-b(ZmJ8;6e, (Entropy: 43.01955000865387, Time: 8916.100448256s); `nGg[v=@~R8Y (Entropy: 43.01955000865387, Time: 8916.100448256s); C?yPbWy}S_6$ (Entropy: 41.513179423647564, Time: 3138.428376721s); 4:suoU><9My< (Entropy: 41.513179423647564, Time: 3138.428376721s); +U;.""u""*aaQ| (Entropy: 39.86313713864835, Time: 1000.0s); +u#`nagFtawA (Entropy: 41.513179423647564, Time: 3138.428376721s)"
2025-02-24 12:52:25,bhqS%t9@zNv3,43.01955000865387,8916.100448256,"Zd'E7M530{&I (Entropy: 43.01955000865387, Time: 8916.100448256s); l<,#~YRbYiD~ (Entropy: 39.86313713864835, Time: 1000.0s); A1F!c~A3dszv (Entropy: 41.513179423647564, Time: 3138.428376721s); P48Ic_:*D#}0 (Entropy: 43.01955000865387, Time: 8916.100448256s); oyC}dY`eR'Y^ (Entropy: 41.513179423647564, Time: 3138.428376721s); X[*&'`TM@{\U (Entropy: 43.01955000865387, Time: 8916.100448256s); nOB\(u`2%C*( (Entropy: 41.513179423647564, Time: 3138.428376721s); kyUN!evcZ}bY (Entropy: 43.01955000865387, Time: 8916.100448256s); ]JTCJ9[^9KYj (Entropy: 39.86313713864835, Time: 1000.0s); *W#3lmRl)P0K (Entropy: 41.513179423647564, Time: 3138.428376721s)"
2025-02-24 12:56:45,3X*p@4vWe3zR,41.513179423647564,3138.428376721,"QjR(R<LQ@v'{ (Entropy: 39.86313713864835, Time: 1000.0s); oUOotZTh=""%B (Entropy: 41.513179423647564, Time: 3138.428376721s); 93'(Fc0,kBUc (Entropy: 41.513179423647564, Time: 3138.428376721s); #ofG*i.%,7cn (Entropy: 43.01955000865387, Time: 8916.100448256s); Or5A`H*BGSI0 (Entropy: 43.01955000865387, Time: 8916.100448256s); K5aoOLfC.x%c (Entropy: 43.01955000865387, Time: 8916.100448256s); !w:-wh,eVq!p (Entropy: 39.86313713864835, Time: 1000.0s); q[r@P<r/g&@I (Entropy: 39.86313713864835, Time: 1000.0s); ur-WbaAJDl]q (Entropy: 43.01955000865387, Time: 8916.100448256s); t%|&H@%N`q+% (Entropy: 39.86313713864835, Time: 1000.0s)"
2025-02-25 13:45:58,tP@5sW%rDqp9,43.01955000865387,8916.100448256,"Ia(j*m<X@9{, (Entropy: 43.01955000865387, Time: 8916.100448256s); `RMj/.^Tp~)T (Entropy: 41.513179423647564, Time: 3138.428376721s); adspSO3Q""Mv/ (Entropy: 43.01955000865387, Time: 8916.100448256s); )VFof7;?)}[= (Entropy: 41.513179423647564, Time: 3138.428376721s); M'U-48MqJSd= (Entropy: 41.513179423647564, Time: 3138.428376721s); mam0z`0=M&XV (Entropy: 39.86313713864835, Time: 1000.0s); N*,]q{cFP'Pz (Entropy: 41.513179423647564, Time: 3138.428376721s); EEuGy`8K5CJ8 (Entropy: 39.86313713864835, Time: 1000.0s); P^HM1N-SZ?+y (Entropy: 43.01955000865387, Time: 8916.100448256s); 7op*_e\hQC@"" (Entropy: 43.01955000865387, Time: 8916.100448256s)"
2025-02-25 13:47:56,5#3zX%c8gM7v,43.01955000865387,8916.100448256,"~s&Ev4/ca{iI (Entropy: 43.01955000865387, Time: 8916.100448256s); [-M$S=)p]:W8 (Entropy: 43.01955000865387, Time: 8916.100448256s); Oy-;F<2:ot5% (Entropy: 43.01955000865387, Time: 8916.100448256s); |f*u^C;xlt/+ (Entropy: 43.01955000865387, Time: 8916.100448256s); |;-P!x}2eC"", (Entropy: 43.01955000865387, Time: 8916.100448256s); OF!m*A+q,[!G (Entropy: 41.513179423647564, Time: 3138.428376721s); 5)-/>66)`*n( (Entropy: 39.86313713864835, Time: 1000.0s); *D]uKp<^`m""P (Entropy: 43.01955000865387, Time: 8916.100448256s); t*eYvc'5e}yU (Entropy: 41.513179423647564, Time: 3138.428376721s); CZ<0&i*:o1""6 (Entropy: 43.01955000865387, Time: 8916.100448256s)"
2025-02-25 16:08:00,5ZUu^2:nC$@p,43.01955000865387,8916.100448256,"(h7w-B&Ehb(? (Entropy: 39.86313713864835, Time: 1000.0s); Pu2/=-#<NU}Q (Entropy: 43.01955000865387, Time: 8916.100448256s); a'QGHG""4S4Yn (Entropy: 39.86313713864835, Time: 1000.0s); mpLyPmq!3ZZ+ (Entropy: 39.86313713864835, Time: 1000.0s); Hxv65r=*C?Z@ (Entropy: 43.01955000865387, Time: 8916.100448256s); 2!sy(C38PFgj (Entropy: 43.01955000865387, Time: 8916.100448256s); XD/^1)y/Pcf/ (Entropy: 39.86313713864835, Time: 1000.0s); ^#DP$$:A%ML( (Entropy: 41.513179423647564, Time: 3138.428376721s); hyu[}_N;QTgA (Entropy: 43.01955000865387, Time: 8916.100448256s); lGI8D^A6Uq)O (Entropy: 43.01955000865387, Time: 8916.100448256s)"
2025-02-25 16:34:14,j4@xqN3$pF8y,43.01955000865387,8916.100448256,"@7`lv%0^@uIZ (Entropy: 41.513179423647564, Time: 3138.428376721s); =hu4.AT%,Mf9 (Entropy: 43.01955000865387, Time: 8916.100448256s); K[@<ei4sfw5r (Entropy: 43.01955000865387, Time: 8916.100448256s); tf#yX1^m!7RT (Entropy: 43.01955000865387, Time: 8916.100448256s); }Hk\he&U;U1v (Entropy: 41.513179423647564, Time: 3138.428376721s); :,=[h=E]m]by (Entropy: 39.86313713864835, Time: 1000.0s); #d.""!IJ59wN4 (Entropy: 43.01955000865387, Time: 8916.100448256s); IX5D(y_Ttmm| (Entropy: 41.513179423647564, Time: 3138.428376721s); Z:XKOUnWQu&g (Entropy: 43.01955000865387, Time: 8916.100448256s); PmTakKw5IjuI (Entropy: 41.513179423647564, Time: 3138.428376721s)"
2025-02-25 16:49:58,tP@5h_Kr#$XT,43.01955000865387,8916.100448256,"x;V,xw/'&VZ_ (Entropy: 39.86313713864835, Time: 1000.0s); o@YH%EUf)BL3 (Entropy: 43.01955000865387, Time: 8916.100448256s); y1kN:BHFQ4kZ (Entropy: 41.513179423647564, Time: 3138.428376721s); Az@|'_[dO/9A (Entropy: 41.513179423647564, Time: 3138.428376721s); _%NIuWVU^Jb} (Entropy: 43.01955000865387, Time: 8916.100448256s); J'wGFk%g^-""D (Entropy: 43.01955000865387, Time: 8916.100448256s); vo!2Kyt[GL&* (Entropy: 43.01955000865387, Time: 8916.100448256s); }aA}8]&qJ;yW (Entropy: 41.513179423647564, Time: 3138.428376721s); tEQ^k0m$f5vE (Entropy: 41.513179423647564, Time: 3138.428376721s); <kzh):]C_J?Q (Entropy: 43.01955000865387, Time: 8916.100448256s)"
2025-02-25 16:55:54,3m$C#2J&yK3z,41.513179423647564,3138.428376721,"U?r_MC|YVJ`K (Entropy: 43.01955000865387, Time: 8916.100448256s); l.;`1^jh}.""2 (Entropy: 41.513179423647564, Time: 3138.428376721s); 6UDZbgqAq:hd (Entropy: 41.513179423647564, Time: 3138.428376721s); 1Li8:A&=O}Qg (Entropy: 43.01955000865387, Time: 8916.100448256s); S's&1+@daK&Q (Entropy: 41.513179423647564, Time: 3138.428376721s); HXBhF_B|R2Ey (Entropy: 41.513179423647564, Time: 3138.428376721s); 'k0'_n`HPN}K (Entropy: 41.513179423647564, Time: 3138.428376721s); O7XUh-""Fsn`{ (Entropy: 43.01955000865387, Time: 8916.100448256s); S5.Ouz=+eDJB (Entropy: 43.01955000865387, Time: 8916.100448256s); ib~/NIr.pQ21 (Entropy: 43.01955000865387, Time: 8916.100448256s)"
2025-02-25 17:01:59,3Z4$c6G7hij9,43.01955000865387,8916.100448256,"0et+`MGl0mT6 (Entropy: 41.513179423647564, Time: 3138.428376721s); `H<rK[Q!>8bt (Entropy: 43.01955000865387, Time: 8916.100448256s); ba+a?N=O)XPf (Entropy: 41.513179423647564, Time: 3138.428376721s); /FyVXA]|JsAs (Entropy: 39.86313713864835, Time: 1000.0s); 5s*J57T]I\B! (Entropy: 41.513179423647564, Time: 3138.428376721s); pixICB!c{T<d (Entropy: 43.01955000865387, Time: 8916.100448256s); G_-EECJgOg(. (Entropy: 39.86313713864835, Time: 1000.0s); (8Vd~O+'9O;$ (Entropy: 41.513179423647564, Time: 3138.428376721s); sA*qH.bsvHxj (Entropy: 39.86313713864835, Time: 1000.0s); vL9PZEmUGcvJ (Entropy: 41.513179423647564, Time: 3138.428376721s)"
2025-02-25 18:42:59,3C$@m^s&V8xF,43.01955000865387,8916.100448256,"Z2RkH_iuVok| (Entropy: 41.513179423647564, Time: 3138.428376721s); 2*mqP9D/~$(N (Entropy: 43.01955000865387, Time: 8916.100448256s); CST|{A(`d+<u (Entropy: 43.01955000865387, Time: 8916.100448256s); |^ww:A2gJ9Z@ (Entropy: 41.513179423647564, Time: 3138.428376721s); N-B`|5f6bqwp (Entropy: 43.01955000865387, Time: 8916.100448256s); )~IKg#""pYgZ$ (Entropy: 41.513179423647564, Time: 3138.428376721s); HO_uB;VIB:?O (Entropy: 39.86313713864835, Time: 1000.0s); TT~2AqC'qZVm (Entropy: 39.86313713864835, Time: 1000.0s); c8&}-MiFgVUf (Entropy: 43.01955000865387, Time: 8916.100448256s); R;kes-S@byKG (Entropy: 43.01955000865387, Time: 8916.100448256s)"
2025-02-25 20:43:43,tP@5h_Kr#$cX,43.01955000865387,8916.100448256,"gV]6%=$w81mX (Entropy: 43.01955000865387, Time: 8916.100448256s); \RDUP{,rDJ\% (Entropy: 39.86313713864835, Time: 1000.0s); k0;2&!uCi_Yd (Entropy: 43.01955000865387, Time: 8916.100448256s); I0w)qEPkeu""l (Entropy: 43.01955000865387, Time: 8916.100448256s); |kjF'x>:br>I (Entropy: 41.513179423647564, Time: 3138.428376721s); 1bYu,\[;_PY& (Entropy: 41.513179423647564, Time: 3138.428376721s); !4iCs&p)PPJ< (Entropy: 41.513179423647564, Time: 3138.428376721s); JbkG{N~W$u#! (Entropy: 43.01955000865387, Time: 8916.100448256s); &y)8O'XPdvWk (Entropy: 43.01955000865387, Time: 8916.100448256s); &Ys:gc]]e(Gw (Entropy: 41.513179423647564, Time: 3138.428376721s)"
2025-02-25 20:46:35,3hR@i!s5t0p<,43.01955000865387,8916.100448256,"zRQmH|@SNSBc (Entropy: 41.513179423647564, Time: 3138.428376721s); ?j7fza'hhhxP (Entropy: 39.86313713864835, Time: 1000.0s); [Xx|+l|UM4D3 (Entropy: 41.513179423647564, Time: 3138.428376721s); 2`GY{imy_y\{ (Entropy: 39.86313713864835, Time: 1000.0s); -0w(u]W|lws( (Entropy: 39.86313713864835, Time: 1000.0s); (,.M_!Tz)&&F (Entropy: 41.513179423647564, Time: 3138.428376721s); ?I/F(!EP'rbN (Entropy: 43.01955000865387, Time: 8916.100448256s); H]tlZ/l1Hi;\ (Entropy: 39.86313713864835, Time: 1000.0s); sIq}Plv3y(65 (Entropy: 43.01955000865387, Time: 8916.100448256s); 4Za-q5tKzT+K (Entropy: 41.513179423647564, Time: 3138.428376721s)"
2025-02-25 20:49:35,3kP%tS8^z41R,43.01955000865387,8916.100448256,"p,/<\*rrQo49 (Entropy: 41.513179423647564, Time: 3138.428376721s); J.w""sR2=@RW{ (Entropy: 41.513179423647564, Time: 3138.428376721s); ?]i08]}|qBFf (Entropy: 41.513179423647564, Time: 3138.428376721s); 9#:{[r3&fesH (Entropy: 43.01955000865387, Time: 8916.100448256s); i)SR,0n""4c:& (Entropy: 43.01955000865387, Time: 8916.100448256s); ]N,,hB:l_)*v (Entropy: 41.513179423647564, Time: 3138.428376721s); 7X+.OZ!@)L9o (Entropy: 43.01955000865387, Time: 8916.100448256s); ~{pIy""!N09g) (Entropy: 43.01955000865387, Time: 8916.100448256s); pdAEEt0(dtEN (Entropy: 36.0, Time: 68.719476736s); b[E|TU0YXG.L (Entropy: 43.01955000865387, Time: 8916.100448256s)"
2025-02-25 20:51:26,bTc8!vMnzR5q,43.01955000865387,8916.100448256,"8i]xiK[00A4{ (Entropy: 39.86313713864835, Time: 1000.0s); X9[x#T""qz%&D (Entropy: 43.01955000865387, Time: 8916.100448256s); l|;cxc\&x`Ir (Entropy: 39.86313713864835, Time: 1000.0s); peU,`8nw8N{! (Entropy: 41.513179423647564, Time: 3138.428376721s); >G+*auLQAOne (Entropy: 43.01955000865387, Time: 8916.100448256s); 0<mr8ylTh+(p (Entropy: 43.01955000865387, Time: 8916.100448256s); dO2854F;D1,9 (Entropy: 43.01955000865387, Time: 8916.100448256s); PQN\:%<+""9XU (Entropy: 43.01955000865387, Time: 8916.100448256s); 4^ahFYSS3'UY (Entropy: 39.86313713864835, Time: 1000.0s); 9{+65""`x(aaS (Entropy: 41.513179423647564, Time: 3138.428376721s)"
2025-02-25 20:53:34,3x5Z@1qWe4$r,43.01955000865387,8916.100448256,"G&j\sW]M1tl: (Entropy: 43.01955000865387, Time: 8916.100448256s); U#9Wa'VB}(*> (Entropy: 43.01955000865387, Time: 8916.100448256s); 8""UWczmEt:}) (Entropy: 43.01955000865387, Time: 8916.100448256s); dGe.zhO@6>n, (Entropy: 43.01955000865387, Time: 8916.100448256s); {}e8<N9(_jco (Entropy: 43.01955000865387, Time: 8916.100448256s); ?>>N:p%%/JNV (Entropy: 38.039100017307746, Time: 282.429536481s); O0FG~rsNA:L; (Entropy: 43.01955000865387, Time: 8916.100448256s); myM|1^wR[Q.: (Entropy: 43.01955000865387, Time: 8916.100448256s); ]1%kF3>CTqdq (Entropy: 41.513179423647564, Time: 3138.428376721s); y5>D@\&)eAB( (Entropy: 43.01955000865387, Time: 8916.100448256s)"
2025-02-25 20:57:11,3GZz.^!H)d.a,41.513179423647564,3138.428376721,"N:*s7NDq6|2R (Entropy: 41.513179423647564, Time: 3138.428376721s); /~aPJY{'R<RB (Entropy: 41.513179423647564, Time: 3138.428376721s); 7Hl}=k3.Qw1_ (Entropy: 43.01955000865387, Time: 8916.100448256s); |57Ax0-#w#]A (Entropy: 39.86313713864835, Time: 1000.0s); c(ze0h*bTa7W (Entropy: 43.01955000865387, Time: 8916.100448256s); H3?LnM-TusO' (Entropy: 43.01955000865387, Time: 8916.100448256s); ze>)1JJyqNm% (Entropy: 41.513179423647564, Time: 3138.428376721s); Ta}4K[-|]y$7 (Entropy: 43.01955000865387, Time: 8916.100448256s); c:_^'(;OA9Pe (Entropy: 43.01955000865387, Time: 8916.100448256s); _<To<SV+B~A# (Entropy: 41.513179423647564, Time: 3138.428376721s)"
2025-02-27 11:22:32,3f@6sP4Yq$&M,43.01955000865387,8916.100448256,"t"">@+ker}1=- (Entropy: 43.01955000865387, Time: 8916.100448256s); )Q(P>R""5AltM (Entropy: 43.01955000865387, Time: 8916.100448256s); H4b|Jn&zL?#2 (Entropy: 43.01955000865387, Time: 8916.100448256s); EJ_rM[5hGl20 (Entropy: 43.01955000865387, Time: 8916.100448256s); #Z^mf<q|hTU; (Entropy: 43.01955000865387, Time: 8916.100448256s); vYux1<dh""\[` (Entropy: 43.01955000865387, Time: 8916.100448256s); eUCN_lZ[1+5; (Entropy: 43.01955000865387, Time: 8916.100448256s); !s}I.,""$4^?K (Entropy: 43.01955000865387, Time: 8916.100448256s); P_v#,Xbh{$2R (Entropy: 43.01955000865387, Time: 8916.100448256s); 6Q_UY6CX|Ac% (Entropy: 41.513179423647564, Time: 3138.428376721s)"
2025-02-27 11:26:58,tX7!hP7@zUv4,41.513179423647564,3138.428376721,"Gswrp+UZP<W_ (Entropy: 43.01955000865387, Time: 8916.100448256s); R{oi]@PO}`{D (Entropy: 41.513179423647564, Time: 3138.428376721s); -J4/a<l)3QKK (Entropy: 41.513179423647564, Time: 3138.428376721s); :Z<ZSzk@oGkx (Entropy: 39.86313713864835, Time: 1000.0s); ""%zYMBVun_l` (Entropy: 43.01955000865387, Time: 8916.100448256s); +,JT$Nt_bLSJ (Entropy: 41.513179423647564, Time: 3138.428376721s); n:cp!8<nz?(} (Entropy: 41.513179423647564, Time: 3138.428376721s); U-JEkqod[RxM (Entropy: 43.01955000865387, Time: 8916.100448256s); ;6ou/.z4D=#H (Entropy: 43.01955000865387, Time: 8916.100448256s); Z%eSae]EYnM% (Entropy: 39.86313713864835, Time: 1000.0s)"
2025-02-27 11:39:32,bhqS%t9#w4vN,43.01955000865387,8916.100448256,"XsPjHy(3)_WG (Entropy: 43.01955000865387, Time: 8916.100448256s); @p2cFuHOkkA2 (Entropy: 39.86313713864835, Time: 1000.0s); r9BL1TRd.w6I (Entropy: 43.01955000865387, Time: 8916.100448256s); VLHrD`/M\@g/ (Entropy: 41.513179423647564, Time: 3138.428376721s); =t?Xss8x<QU- (Entropy: 41.513179423647564, Time: 3138.428376721s); JXm!|t`A{b\1 (Entropy: 43.01955000865387, Time: 8916.100448256s); J=rHCaJSGDSz (Entropy: 39.86313713864835, Time: 1000.0s); xUDPqh{)IWO- (Entropy: 43.01955000865387, Time: 8916.100448256s); &~qIDY!.&k<= (Entropy: 41.513179423647564, Time: 3138.428376721s); O>2d5F[xc>K} (Entropy: 41.513179423647564, Time: 3138.428376721s)"
2025-02-27 11:45:23,tP@5hK7#zR1q,43.01955000865387,8916.100448256,"jZBFQ`6G*pHL (Entropy: 43.01955000865387, Time: 8916.100448256s); e0*H9O<y[xCK (Entropy: 43.01955000865387, Time: 8916.100448256s); <f0{xWVOaQIn (Entropy: 43.01955000865387, Time: 8916.100448256s); mqg%t^rwJkJg (Entropy: 39.86313713864835, Time: 1000.0s); I9a%Up>D;ymw (Entropy: 43.01955000865387, Time: 8916.100448256s); `^_\YkgBfH;l (Entropy: 43.01955000865387, Time: 8916.100448256s); ;R$6j36y>m<D (Entropy: 41.513179423647564, Time: 3138.428376721s); o`JXOh]v:[z? (Entropy: 43.01955000865387, Time: 8916.100448256s); Xz\UXYfASy!2 (Entropy: 41.513179423647564, Time: 3138.428376721s); xR^q|mG$}Scg (Entropy: 43.01955000865387, Time: 8916.100448256s)"
2025-02-27 12:26:42,bP5%tK3@1w$7,43.01955000865387,8916.100448256,"DdeUsm`-n8W4 (Entropy: 43.01955000865387, Time: 8916.100448256s); oObQxk-P5`F| (Entropy: 43.01955000865387, Time: 8916.100448256s); RAz=@2Vr""m@b (Entropy: 41.513179423647564, Time: 3138.428376721s); 's+<D48u?N[. (Entropy: 43.01955000865387, Time: 8916.100448256s); =&1Cj80H]9A- (Entropy: 43.01955000865387, Time: 8916.100448256s); K_/Rp4Uro""uk (Entropy: 43.01955000865387, Time: 8916.100448256s); lc7AQd,QSH[) (Entropy: 41.513179423647564, Time: 3138.428376721s); [rC:K9Lj^g8c (Entropy: 43.01955000865387, Time: 8916.100448256s); 5P{Eo9LHXX&U (Entropy: 41.513179423647564, Time: 3138.428376721s); a?[uq9*UVE'Q (Entropy: 43.01955000865387, Time: 8916.100448256s)"
2025-02-27 12:38:05,j8N%tK3$4uMv,43.01955000865387,8916.100448256,"!%dk/<R{u/""[ (Entropy: 41.513179423647564, Time: 3138.428376721s); &F.O{Rt;_#Ot (Entropy: 39.86313713864835, Time: 1000.0s); ~$8B]kWkNcj% (Entropy: 41.513179423647564, Time: 3138.428376721s); ~pEyl8*|<:ft (Entropy: 43.01955000865387, Time: 8916.100448256s); #0@toJJjl_,= (Entropy: 41.513179423647564, Time: 3138.428376721s); 2B|Lp3i3~dP+ (Entropy: 41.513179423647564, Time: 3138.428376721s); TIM\se,5y5C0 (Entropy: 41.513179423647564, Time: 3138.428376721s); KgEumUnG9,D% (Entropy: 43.01955000865387, Time: 8916.100448256s); O?0bZ&hm*$^2 (Entropy: 43.01955000865387, Time: 8916.100448256s); Er)=u3YfO8e% (Entropy: 43.01955000865387, Time: 8916.100448256s)"
2025-03-04 14:06:44,bP5$sN4#zR8q,43.01955000865387,8916.100448256,"S)b$/kCBlP_Z (Entropy: 43.01955000865387, Time: 8916.100448256s); uXidD24B8:#"" (Entropy: 43.01955000865387, Time: 8916.100448256s); eJ5UQEBll(%; (Entropy: 41.513179423647564, Time: 3138.428376721s); >@]Tq{+n/n\O (Entropy: 41.513179423647564, Time: 3138.428376721s); ;/wKWSk>;L~A (Entropy: 41.513179423647564, Time: 3138.428376721s); pgNbtji'1z{6 (Entropy: 43.01955000865387, Time: 8916.100448256s); 1n;[92I$jPmd (Entropy: 43.01955000865387, Time: 8916.100448256s); LftERF8A]0Tg (Entropy: 43.01955000865387, Time: 8916.100448256s); U,Z(quZx--U* (Entropy: 38.039100017307746, Time: 282.429536481s); ,^jc#oV?~.y5 (Entropy: 43.01955000865387, Time: 8916.100448256s)"
2025-03-04 14:10:21,k5Q@w2E!zXCy,43.01955000865387,8916.100448256,"ho\9-3&AQm/] (Entropy: 43.01955000865387, Time: 8916.100448256s); r%71O=KNlZLO (Entropy: 41.513179423647564, Time: 3138.428376721s); ?g=@m""~]DV@Q (Entropy: 41.513179423647564, Time: 3138.428376721s); -0[LU4j&:?vZ (Entropy: 43.01955000865387, Time: 8916.100448256s); jw,]WrUo;MgK (Entropy: 43.01955000865387, Time: 8916.100448256s); ??>D3<?,I_^j (Entropy: 39.86313713864835, Time: 1000.0s); %c\0&Hz7&S%\ (Entropy: 38.039100017307746, Time: 282.429536481s); |fm&3#&UY\rg (Entropy: 41.513179423647564, Time: 3138.428376721s); r*8pXtc&+Zsd (Entropy: 43.01955000865387, Time: 8916.100448256s); `b2oIV!Pn)E~ (Entropy: 43.01955000865387, Time: 8916.100448256s)"
2025-03-04 14:18:46,3kP@3R22vXQg,39.86313713864835,1000.0,"Qlu*Df/:G-@6 (Entropy: 43.01955000865387, Time: 8916.100448256s); bJYf%8J+8WgF (Entropy: 39.86313713864835, Time: 1000.0s); 1V>pW5>e,B8> (Entropy: 39.86313713864835, Time: 1000.0s); z(+W.vYHZTiQ (Entropy: 43.01955000865387, Time: 8916.100448256s); *X[.l(+e3:0L (Entropy: 43.01955000865387, Time: 8916.100448256s); \!L:6p,G4GI* (Entropy: 41.513179423647564, Time: 3138.428376721s); ""lsq}S%E>jW4 (Entropy: 43.01955000865387, Time: 8916.100448256s); (hkt^JJ"")7vV (Entropy: 41.513179423647564, Time: 3138.428376721s); 6>O?X,u+uDML (Entropy: 41.513179423647564, Time: 3138.428376721s); {EiZVnvqNtnC (Entropy: 41.513179423647564, Time: 3138.428376721s)"
2025-03-04 14:30:17,bP5%tK3#zR8q,43.01955000865387,8916.100448256,"+m?9m5F=Fhm] (Entropy: 38.039100017307746, Time: 282.429536481s); }`Q\|te3k'@W (Entropy: 43.01955000865387, Time: 8916.100448256s); ;)Zqj[.Xu""?n (Entropy: 43.01955000865387, Time: 8916.100448256s); :YWn-(u$Kph6 (Entropy: 43.01955000865387, Time: 8916.100448256s); tCR,c)jGS\8m (Entropy: 43.01955000865387, Time: 8916.100448256s); dl$_%cQ8/~Eb (Entropy: 43.01955000865387, Time: 8916.100448256s); _W$1W2hCt""`e (Entropy: 41.513179423647564, Time: 3138.428376721s); 5Ad+lb2]It~c (Entropy: 43.01955000865387, Time: 8916.100448256s); }FgGGUMI,|d. (Entropy: 41.513179423647564, Time: 3138.428376721s); w!p:Co,C%KXb (Entropy: 41.513179423647564, Time: 3138.428376721s)"
2025-03-04 14:37:08,jP5!xT3$bFz7,43.01955000865387,8916.100448256,"gQ`HyL-q0:hH (Entropy: 41.513179423647564, Time: 3138.428376721s); 8'u)""=8^O.&j (Entropy: 41.513179423647564, Time: 3138.428376721s); *LokLJ-L.^RW (Entropy: 39.86313713864835, Time: 1000.0s); KT4/G/uoM7~1 (Entropy: 41.513179423647564, Time: 3138.428376721s); ze[YR\2'DH(0 (Entropy: 43.01955000865387, Time: 8916.100448256s); ZD.?_0j'cD!( (Entropy: 41.513179423647564, Time: 3138.428376721s); Yx2gq8gHkFd0 (Entropy: 41.513179423647564, Time: 3138.428376721s); Dvexr;u^6w#p (Entropy: 43.01955000865387, Time: 8916.100448256s); /a3I$^#(G&Xw (Entropy: 43.01955000865387, Time: 8916.100448256s); &+QoJ?HPaus3 (Entropy: 43.01955000865387, Time: 8916.100448256s)"
2025-03-04 14:40:36,3$p@rJ5q1n98,43.01955000865387,8916.100448256,"9h>53fI"";ioY (Entropy: 43.01955000865387, Time: 8916.100448256s); G*&EWBlAp'sU (Entropy: 43.01955000865387, Time: 8916.100448256s); 9^!d.2S'k$HD (Entropy: 43.01955000865387, Time: 8916.100448256s); VUhn:W1i?4lH (Entropy: 43.01955000865387, Time: 8916.100448256s); iXyD'l!D%83B (Entropy: 41.513179423647564, Time: 3138.428376721s); s.7[emKP)TV^ (Entropy: 43.01955000865387, Time: 8916.100448256s); y9S(>5%f\XJ| (Entropy: 43.01955000865387, Time: 8916.100448256s); EiwCF$,Z4VSE (Entropy: 41.513179423647564, Time: 3138.428376721s); i9;Y\]/OWiMV (Entropy: 41.513179423647564, Time: 3138.428376721s); <+=POJX[t*p? (Entropy: 43.01955000865387, Time: 8916.100448256s)"
2025-03-04 14:43:40,bP5$gW7%tKv9,43.01955000865387,8916.100448256,"Xcp<pp6IPJ7y (Entropy: 39.86313713864835, Time: 1000.0s); OQxI?8!}m4Q' (Entropy: 41.513179423647564, Time: 3138.428376721s); PKE7*t.mdBPu (Entropy: 41.513179423647564, Time: 3138.428376721s); >u~`42^P9B*1 (Entropy: 43.01955000865387, Time: 8916.100448256s); }ek.^tpMo.]a (Entropy: 41.513179423647564, Time: 3138.428376721s); RLZCiIJ!pWGw (Entropy: 43.01955000865387, Time: 8916.100448256s); 7""0.p3;(3jn` (Entropy: 41.513179423647564, Time: 3138.428376721s); 9X)j[)0:G6cP (Entropy: 41.513179423647564, Time: 3138.428376721s); =^bWA`:^zx/K (Entropy: 41.513179423647564, Time: 3138.428376721s); vk<E{]BVcxxI (Entropy: 41.513179423647564, Time: 3138.428376721s)"
2025-03-04 14:55:47,bP5$hN7#yXz3,43.01955000865387,8916.100448256,"Hee`u~)w:smo (Entropy: 41.513179423647564, Time: 3138.428376721s); *PF{:}!~[4=Z (Entropy: 43.01955000865387, Time: 8916.100448256s); gIc+0Ri_`)o: (Entropy: 43.01955000865387, Time: 8916.100448256s); Ss{u->gZ]MSh (Entropy: 41.513179423647564, Time: 3138.428376721s); r<=q>$ufkY+d (Entropy: 43.01955000865387, Time: 8916.100448256s); eMR$3r#G9]Iw (Entropy: 43.01955000865387, Time: 8916.100448256s); ORd|S_xq8tbq (Entropy: 41.513179423647564, Time: 3138.428376721s); &1_WVHj=Q}(n (Entropy: 43.01955000865387, Time: 8916.100448256s); !32*vZ#neQM- (Entropy: 43.01955000865387, Time: 8916.100448256s); t%&+vlYTA/@[ (Entropy: 43.01955000865387, Time: 8916.100448256s)"
2025-03-04 14:58:29,$hq3@xP*cZ97,43.01955000865387,8916.100448256,"(!~=%y#&mAQJ (Entropy: 43.01955000865387, Time: 8916.100448256s); kHmH&dp%;'!"" (Entropy: 41.513179423647564, Time: 3138.428376721s); iG_[.<;mK71| (Entropy: 43.01955000865387, Time: 8916.100448256s); 'W$O3BFB`hR7 (Entropy: 41.513179423647564, Time: 3138.428376721s); 7l*t%_7se}g{ (Entropy: 41.513179423647564, Time: 3138.428376721s); QbR,hL+-QIrd (Entropy: 41.513179423647564, Time: 3138.428376721s); F:3m\_M8`w-a (Entropy: 43.01955000865387, Time: 8916.100448256s); =4ML9D96VVHW (Entropy: 39.86313713864835, Time: 1000.0s); SFS;oj@vSw@y (Entropy: 38.039100017307746, Time: 282.429536481s); n9q3|{Uahn~R (Entropy: 41.513179423647564, Time: 3138.428376721s)"
2025-03-04 15:00:52,4b*T%mA$0Zv3,43.01955000865387,8916.100448256,">07/h}g>4@x( (Entropy: 41.513179423647564, Time: 3138.428376721s); ;qe/pMjkhln] (Entropy: 43.01955000865387, Time: 8916.100448256s); /raIT@[e'[7U (Entropy: 41.513179423647564, Time: 3138.428376721s); lU~Aa'bcLuGZ (Entropy: 43.01955000865387, Time: 8916.100448256s); d0)llR""*FSF9 (Entropy: 39.86313713864835, Time: 1000.0s); \9)t_=UfUXKS (Entropy: 41.513179423647564, Time: 3138.428376721s); T*\>S-""#mI`b (Entropy: 43.01955000865387, Time: 8916.100448256s); dZIzSuonROI0 (Entropy: 41.513179423647564, Time: 3138.428376721s); !-4-o1=""CF2W (Entropy: 41.513179423647564, Time: 3138.428376721s); 6NhlYtlAD\i0 (Entropy: 41.513179423647564, Time: 3138.428376721s)"
